cik,tic,Year,cluster_10,cluster_100
850460,WIRE,2021,2,31
352541,LNT,2021,6,9
1704715,AMR,2021,4,77
1575515,SFM,2021,3,99
1125376,ENSG,2021,7,54
1674335,JELD,2021,2,44
1023128,LAD,2021,9,12
1262039,FTNT,2021,8,29
1122976,AVNT,2021,2,35
1128928,FLO,2021,3,22
58492,LEG,2021,9,7
40533,GD,2021,9,72
1370946,OC,2021,2,44
1469367,RUN,2021,6,68
858655,HAYN,2021,9,2
1486159,CHRD,2021,4,26
70145,NFG,2021,6,9
77476,PEP,2021,3,61
1593034,ENDPQ,2021,5,43
1140536,WTW,2021,1,56
1353283,SPLK,2021,8,57
912728,FWRD,2021,4,62
73309,NUE,2021,2,34
1754301,FOXA,2021,0,32
882796,BCRX,2021,5,25
1309402,GPRE,2021,4,24
1524358,VAC,2021,0,80
80424,PG,2021,3,35
1551182,ETN,2021,9,69
1283699,TMUS,2021,8,40
1158172,SCOR,2021,0,41
8947,AZZ,2021,2,31
804328,QCOM,2021,8,29
1120370,BWEN,2021,9,31
1655075,AFIIQ,2021,2,7
1361658,TNL,2021,0,80
40987,GPC,2021,9,93
1320414,SEM,2021,5,1
1584509,ARMK,2021,3,28
1466301,CLVSQ,2021,5,25
1552033,TRU,2021,1,89
1281761,RF,2021,1,37
93410,CVX,2021,4,26
76282,PKOH,2021,9,2
19584,CHE,2021,5,86
723531,PAYX,2021,8,49
1530804,TROX,2021,2,13
101984,UEIC,2021,8,29
910329,MED,2021,5,99
5513,UNM,2021,1,36
31462,ECL,2021,2,17
1338749,PCH,2021,2,97
1409171,TITN,2021,9,79
821026,ANDE,2021,2,24
817720,SYNA,2021,8,29
5272,AIG,2021,1,56
1013871,NRG,2021,6,9
1111928,IPGP,2021,8,67
1393818,BX,2021,1,81
66382,MLKN,2021,9,7
812011,MTN,2021,0,80
730708,SBCF,2021,1,16
1672013,GOLF,2021,3,7
1109242,HAFC,2021,1,98
883945,USAK,2021,4,74
1527166,CG,2021,1,81
1421461,IPI,2021,4,13
355811,GNTX,2021,9,69
1262823,WLK,2021,2,35
26058,CTS,2021,9,69
14930,BC,2021,9,71
1637459,KHC,2021,3,88
892553,GTLS,2021,9,21
1345016,YELP,2021,0,41
844965,TTI,2021,4,50
1318220,WCN,2021,4,39
819793,AIN,2021,2,70
1175454,FLT,2021,8,64
936468,LMT,2021,8,72
29989,OMC,2021,0,19
352915,UHS,2021,5,1
98222,TDW,2021,4,50
1393066,RFP,2021,2,23
200406,JNJ,2021,5,43
890564,ASGN,2021,8,76
42888,GGG,2021,9,93
59440,VGR,2021,0,0
719955,WSM,2021,3,7
828944,WSFS,2021,1,98
102037,UVV,2021,2,94
1084869,FLWS,2021,3,22
1481792,QUAD,2021,8,19
3453,MATX,2021,4,74
1747079,BALY,2021,0,55
87347,SLB,2021,4,50
896159,CB,2021,1,56
1104657,MTRN,2021,2,13
47111,HSY,2021,3,88
1549922,SMLP,2021,4,66
25232,CUZ,2021,7,97
1323885,ATRC,2021,5,8
1808997,AOUT,2021,3,75
27419,TGT,2021,3,47
1401257,FET,2021,4,50
75208,OSG,2021,4,66
912093,VIAV,2021,8,67
46080,HAS,2021,3,41
1555280,ZTS,2021,5,30
1332349,BKD,2021,7,54
930420,KFRC,2021,8,76
1025378,WPC,2021,7,97
821189,EOG,2021,4,26
1041859,PLCE,2021,3,59
1415404,SATS,2021,8,90
1289460,TXRH,2021,3,52
103379,VFC,2021,3,0
51143,IBM,2021,8,57
1402057,CDW,2021,8,57
60086,L,2021,4,56
737758,TTC,2021,9,79
1501585,HII,2021,9,46
1289848,HURN,2021,8,1
313616,DHR,2021,9,21
1326160,DUK,2021,6,9
808326,EMKR,2021,8,67
932696,NSIT,2021,8,57
879101,KIM,2021,7,97
1300514,LVS,2021,0,55
4904,AEP,2021,6,9
1664703,BE,2021,6,68
717423,MUR,2021,4,26
73088,NWE,2021,6,9
945841,POOL,2021,2,21
1398987,HOUS,2021,7,97
1685040,BHF,2021,1,36
898173,ORLY,2021,9,12
1037646,MTD,2021,9,17
1579241,ALLE,2021,9,48
1466258,TT,2021,9,3
874766,HIG,2021,1,56
1712923,GSKY,2021,1,89
1462418,ASPS,2021,1,89
889900,PTEN,2021,4,50
1065696,LKQ,2021,9,12
1018963,ATI,2021,2,42
1433270,AR,2021,4,26
899051,ALL,2021,1,36
922621,ERIE,2021,1,56
880117,JBSS,2021,3,28
895447,SCVL,2021,3,96
910612,CBL,2021,7,97
920148,LH,2021,5,43
39899,TGNA,2021,0,92
26172,CMI,2021,9,69
1341439,ORCL,2021,8,57
1171759,RRGB,2021,3,52
886128,FCEL,2021,6,68
764065,CLF,2021,2,34
1709164,HBB,2021,3,7
931015,PII,2021,9,71
1486957,BWXT,2021,6,33
837465,MODG,2021,3,7
1434588,LOPE,2021,0,51
771266,KOPN,2021,8,67
718877,ATVI,2021,0,41
9092,BMI,2021,9,21
51253,IFF,2021,2,94
89089,SCI,2021,1,95
102729,VMI,2021,9,31
1067294,CBRL,2021,3,47
1528356,GNE,2021,6,31
21344,KO,2021,3,61
72971,WFC,2021,1,4
885725,BSX,2021,5,8
20212,CHDN,2021,0,55
815556,FAST,2021,3,17
6176,AP,2021,2,34
898293,JBL,2021,8,29
899689,VNO,2021,7,6
1065837,SKX,2021,3,96
1413898,DALN,2021,0,92
1111711,NI,2021,6,9
899751,TWI,2021,9,79
920522,ESS,2021,7,53
1368265,CLNE,2021,4,66
1227654,CMP,2021,2,13
1674862,ASH,2021,2,35
1319947,DBI,2021,3,96
1306830,CE,2021,2,35
99780,TRN,2021,4,45
1590714,ESI,2021,2,35
1021635,OGE,2021,6,9
105418,WMK,2021,3,28
840489,FCFS,2021,3,59
310764,SYK,2021,5,82
707549,LRCX,2021,8,67
1113809,BBW,2021,3,59
743238,SHYF,2021,9,85
56873,KR,2021,3,47
78128,WTRG,2021,6,14
859737,HOLX,2021,5,8
897723,SANM,2021,8,29
27996,DLX,2021,8,19
1519751,FBIN,2021,9,7
9984,B,2021,9,2
711377,NEOG,2021,5,43
103730,VSH,2021,8,29
318154,AMGN,2021,5,25
1739104,ELAN,2021,5,30
20286,CINF,2021,1,56
69488,MYE,2021,9,2
1739445,ACA,2021,4,58
1745916,PFSI,2021,1,11
1123360,GPN,2021,8,64
1020569,IRM,2021,8,57
700564,FULT,2021,1,98
823768,WM,2021,4,39
1325879,AVEO,2021,5,25
1086600,ARLP,2021,4,77
32604,EMR,2021,9,3
1180262,HLF,2021,3,99
1289308,ENS,2021,9,31
914712,STCN,2021,8,57
1289419,MORN,2021,1,18
861459,GVA,2021,4,58
860413,FIBK,2021,1,98
9389,BALL,2021,2,23
889331,LFUS,2021,9,17
313927,CHD,2021,2,35
883902,CNR,2021,2,44
68505,MSI,2021,8,40
1722482,AVTR,2021,5,43
1421182,VRS,2021,2,23
818686,TEVA,2021,5,30
1362468,ALGT,2021,0,10
1020710,DXPE,2021,4,21
1232524,JAZZ,2021,5,25
19617,JPM,2021,1,37
1633917,PYPL,2021,1,59
1389170,TRGP,2021,4,66
1617406,PK,2021,7,80
1638833,SGRY,2021,5,1
1002047,NTAP,2021,8,57
89800,SHW,2021,2,35
923120,GBX,2021,4,45
7431,AWI,2021,2,44
906163,NVR,2021,7,44
1288847,FIVN,2021,8,38
878927,ODFL,2021,4,62
1400891,IHRT,2021,0,32
832428,SSP,2021,0,32
1237831,GMED,2021,5,82
746515,EXPD,2021,4,62
1467373,ACN,2021,8,57
1587523,KN,2021,8,29
1529864,ENVA,2021,1,89
1499832,TSQ,2021,0,32
1681459,FTI,2021,4,50
1722684,WH,2021,0,80
1579298,BURL,2021,3,47
1096343,MKL,2021,1,56
811596,KALU,2021,2,70
1692819,VST,2021,6,9
1290900,CVGI,2021,9,85
1409970,LC,2021,1,89
1551152,ABBV,2021,5,25
1739940,CI,2021,5,1
943819,RMD,2021,5,8
799233,HTLD,2021,4,74
1267238,AIZ,2021,1,36
1730168,AVGO,2021,8,29
1590976,MBUU,2021,9,71
320193,AAPL,2021,8,29
1057877,IDA,2021,6,9
1801075,ANAT,2021,1,56
1527469,ATH,2021,1,56
812074,OI,2021,2,23
891532,PESI,2021,4,39
97216,TEX,2021,9,87
318833,TISI,2021,4,31
1070985,CXW,2021,7,1
40704,GIS,2021,3,60
33488,ESCA,2021,9,75
855658,LSCC,2021,8,29
726601,CCBG,2021,1,37
1054905,IOSP,2021,2,35
1509589,CIVI,2021,4,26
1289490,EXR,2021,7,97
1046311,CHH,2021,0,80
1126328,PFG,2021,1,56
914208,IVZ,2021,1,81
1258602,NNI,2021,1,89
1043509,SAH,2021,9,12
100885,UNP,2021,4,45
746598,BRC,2021,9,17
945764,DEN,2021,4,26
1690820,CVNA,2021,9,12
350698,AN,2021,9,12
5981,AVD,2021,2,35
357173,OSBC,2021,1,4
4281,HWM,2021,9,70
7084,ADM,2021,2,24
766704,WELL,2021,7,54
1592000,ENLC,2021,4,66
1304421,CNSL,2021,8,90
943452,WAB,2021,9,45
764478,BBY,2021,3,59
1757898,STE,2021,5,8
1707925,LIN,2021,4,21
34903,FRT,2021,7,97
1035267,ISRG,2021,5,82
714395,GABC,2021,1,4
28412,CMA,2021,1,98
95029,RGR,2021,9,75
8818,AVY,2021,2,19
1070412,CNX,2021,4,26
98362,TKR,2021,9,34
793952,HOG,2021,9,71
26780,DAN,2021,9,69
1001082,DISH,2021,0,90
33185,EFX,2021,1,89
1273931,MGI,2021,1,18
1318605,TSLA,2021,9,69
1472787,FAF,2021,1,36
354647,CVBF,2021,1,98
20520,FYBR,2021,8,90
820318,COHR,2021,8,67
910073,NYCB,2021,1,98
94049,SCL,2021,2,35
914025,POLY,2021,8,29
77360,PNR,2021,2,21
810332,MESA,2021,0,10
7332,SWN,2021,4,26
1396814,PCRX,2021,5,82
55135,KELYA,2021,8,76
820027,AMP,2021,1,56
920371,SSD,2021,2,44
1335258,LYV,2021,0,32
1002910,AEE,2021,6,9
1562476,TMHC,2021,7,44
1015328,WTFC,2021,1,37
857005,PTC,2021,8,70
49826,ITW,2021,9,17
1156388,BGFV,2021,3,75
866374,FLEX,2021,8,17
730263,THO,2021,9,85
9326,BCPC,2021,2,35
1035983,FIX,2021,9,84
35527,FITB,2021,1,4
1603923,WFRD,2021,4,50
701374,SIX,2021,0,91
104918,AVA,2021,6,9
811156,CMS,2021,6,9
1374310,CBOE,2021,1,18
64803,CVS,2021,5,86
91767,SON,2021,2,23
723603,CULP,2021,2,7
1042046,AFG,2021,1,56
1039684,OKE,2021,4,66
866273,MTRX,2021,4,31
1753886,STON,2021,0,95
851968,MHK,2021,2,7
1545654,ALEX,2021,7,97
1410636,AWK,2021,6,14
1064728,BTU,2021,4,77
72741,ES,2021,6,9
1005757,CSGS,2021,8,90
1043337,SRI,2021,9,69
1176948,ARES,2021,1,81
1177394,SNX,2021,8,57
1077771,UMPQ,2021,1,98
902791,BBSI,2021,8,49
1573516,MUSA,2021,3,47
37808,FNB,2021,1,98
933036,RCII,2021,3,59
1420800,ENOV,2021,9,17
1032033,SLM,2021,1,89
1033012,FBC,2021,1,98
1364742,BLK,2021,1,81
12927,BA,2021,9,72
106640,WHR,2021,9,7
316709,SCHW,2021,1,18
31791,PKI,2021,5,43
1100682,CRL,2021,5,43
922224,PPL,2021,6,9
106040,WDC,2021,8,57
1297184,AMPH,2021,5,25
886346,KAI,2021,2,21
75252,OMI,2021,5,8
59478,LLY,2021,5,30
1069258,KTOS,2021,8,72
230557,SIGI,2021,1,56
55785,KMB,2021,2,23
24741,GLW,2021,2,67
1067983,BRK.B,2021,1,56
814585,MBI,2021,1,11
16040,CBT,2021,2,35
1514705,SXC,2021,4,77
1156039,ELV,2021,5,1
1488813,CUBI,2021,1,98
785161,EHC,2021,5,1
1410172,RBCN,2021,8,67
1336917,UAA,2021,3,0
1636222,WING,2021,3,52
1408075,GPK,2021,2,23
860546,OFC,2021,7,97
1124804,MDRX,2021,5,86
1783180,CARR,2021,9,84
1403568,ULTA,2021,3,83
818479,XRAY,2021,5,17
750004,LNW,2021,0,55
1575965,GLPI,2021,7,55
1001250,EL,2021,3,94
1156375,CME,2021,1,18
46195,BOH,2021,1,16
875045,BIIB,2021,5,25
7536,ARW,2021,8,29
1688476,NEX,2021,4,50
275053,NATR,2021,5,99
1219601,CCK,2021,2,23
1163302,X,2021,2,34
879526,WNC,2021,9,85
277135,GWW,2021,9,93
1145986,ASPN,2021,2,70
1130310,CNP,2021,6,9
917470,ZEUS,2021,2,34
51644,IPG,2021,0,19
1047862,ED,2021,6,9
1230245,PIPR,2021,1,18
16875,CP,2021,4,45
37785,FMC,2021,2,94
1320854,RAIL,2021,9,45
1673985,ASIX,2021,2,35
1040829,RHP,2021,7,80
1590895,CZR,2021,0,55
892537,MANT,2021,8,72
1618673,PFGC,2021,3,28
1071739,CNC,2021,5,1
1451505,RIG,2021,4,50
107263,WMB,2021,4,66
871763,MAN,2021,8,76
766829,SJW,2021,6,14
773141,MDC,2021,7,11
1144215,AYI,2021,9,7
1164727,NEM,2021,4,77
310158,MRK,2021,5,30
940942,HUBG,2021,4,74
1592386,VIRT,2021,1,18
912463,GES,2021,3,0
875357,BOKF,2021,1,16
1571949,ICE,2021,1,18
1018724,AMZN,2021,3,78
1095073,RE,2021,1,56
912767,UFPI,2021,2,44
789019,MSFT,2021,8,57
1708055,RBBN,2021,8,29
352825,FSTR,2021,2,45
104169,WMT,2021,3,47
14693,BF.B,2021,3,65
1021162,TGI,2021,9,70
91419,SJM,2021,3,88
1564708,NWSA,2021,0,92
46129,AMOT,2021,9,42
1058623,CMLS,2021,0,32
21510,COHR.1,2021,8,67
1136352,CEQP,2021,4,66
1255474,WLL,2021,4,26
66570,MSA,2021,9,17
896156,ETD,2021,3,7
1164863,NPO,2021,9,17
1037868,AME,2021,9,3
1053352,HTBK,2021,1,98
745308,JOE,2021,7,97
1041803,PSMT,2021,3,59
1403161,V,2021,8,64
1677703,CNDT,2021,8,1
764401,IIIN,2021,2,34
945114,GIC,2021,9,93
1561680,TPH,2021,7,44
1276187,ET,2021,4,66
1174922,WYNN,2021,0,55
1576940,CCS,2021,7,44
102212,UVSP,2021,1,98
90498,SFNC,2021,1,37
916365,TSCO,2021,3,47
1274494,FSLR,2021,8,68
1012019,RUSHA,2021,9,85
913760,SNEX,2021,1,18
842633,TRS,2021,2,2
88205,SPXC,2021,9,21
48898,HUBB,2021,9,31
56047,KEX,2021,4,71
37996,F,2021,9,12
912242,MAC,2021,7,53
1402829,ORN,2021,4,31
910521,DECK,2021,3,7
898437,ANIK,2021,5,82
927653,MCK,2021,5,86
882835,ROP,2021,8,17
1466026,MSBI,2021,1,98
1060822,CRI,2021,3,47
43920,GEF,2021,2,23
1633931,BLD,2021,2,44
1032208,SRE,2021,6,9
1467858,GM,2021,9,69
929008,WCC,2021,9,31
67887,MOG.A,2021,3,7
1492633,NLSN,2021,0,92
1437107,WBD,2021,0,32
74303,OLN,2021,2,35
1320695,THS,2021,3,28
29644,DCI,2021,9,21
1047335,NHC,2021,5,86
1515156,ADES,2021,4,13
1326801,META,2021,0,41
88948,SENEA,2021,3,60
62996,MAS,2021,2,44
1138118,CBRE,2021,7,97
1601548,VVX,2021,8,46
1090727,UPS,2021,8,62
1069899,PAHC,2021,5,30
916076,MLM,2021,2,58
1133421,NOC,2021,8,72
882095,GILD,2021,5,25
861884,RS,2021,2,34
917520,IART,2021,5,82
883984,ICUI,2021,5,8
100493,TSN,2021,3,28
1031203,GPI,2021,9,12
1050797,COLM,2021,3,75
1455684,TPIC,2021,9,2
918541,NNBR,2021,9,17
906553,BYD,2021,0,55
877890,CTXS,2021,8,57
1362004,ICFI,2021,8,72
88941,SMTC,2021,8,29
1584207,OMF,2021,1,89
745732,ROST,2021,3,47
753308,NEE,2021,6,9
702165,NSC,2021,4,45
103145,VECO,2021,8,67
61986,MTW,2021,9,87
1057706,FBP,2021,1,98
915779,DAKT,2021,8,29
58361,LEE,2021,0,92
79282,BRO,2021,1,27
1031296,FE,2021,6,9
921557,RBCAA,2021,1,4
1274173,JHG,2021,1,81
1669779,CWH,2021,9,85
77543,TPC,2021,9,31
1616318,VSTO,2021,3,75
54381,KAMN,2021,9,33
1082554,UTHR,2021,5,25
912595,MAA,2021,7,97
1324272,RUTH,2021,3,52
1099219,MET,2021,1,56
105770,WST,2021,5,8
1368458,SBH,2021,3,83
876427,MNRO,2021,9,12
55242,KMT,2021,2,34
1395942,KAR,2021,9,12
354190,AJG,2021,1,56
866787,AZO,2021,9,12
1390777,BK,2021,1,98
49071,HUM,2021,5,1
1800,ABT,2021,5,43
723254,CTAS,2021,3,7
1321646,KRA,2021,2,35
1396033,LL,2021,3,7
1597672,RYAM,2021,2,23
760498,BANF,2021,1,98
78003,PFE,2021,5,30
71829,NR,2021,4,50
1001385,NWPX,2021,4,31
1365135,WU,2021,1,18
1124610,VMW,2021,8,57
794367,M,2021,3,47
1090425,LAMR,2021,0,32
1060349,GAMI,2021,1,81
14707,CAL,2021,3,96
1535929,VOYA,2021,1,36
1120193,NDAQ,2021,0,18
861842,CATY,2021,1,98
861878,SRCL,2021,5,39
886982,GS,2021,1,18
10795,BDX,2021,5,8
1699150,IR,2021,9,21
1142750,AMN,2021,5,76
91576,KEY,2021,1,16
814453,NWL,2021,3,7
1418135,KDP,2021,3,61
1528849,RH,2021,3,7
1109354,BRKR,2021,5,43
107140,WLY,2021,0,51
45876,HSC,2021,4,39
723125,MU,2021,8,29
1637207,PLNT,2021,3,59
764622,PNW,2021,6,9
1770450,XRX,2021,8,19
1102934,CCMP,2021,2,13
1393311,PSA,2021,7,13
763532,LYTS,2021,9,17
1701605,BKR,2021,4,50
102752,VSEC,2021,8,46
1783400,ECOL,2021,4,39
45012,HAL,2021,4,50
1356090,PGEN,2021,5,25
918646,EXP,2021,2,58
315213,RHI,2021,8,76
1616707,W,2021,3,7
1525769,PLAY,2021,0,52
1613103,MDT,2021,5,8
1585689,HLT,2021,0,80
1364885,SPR,2021,9,70
82811,RRX,2021,9,69
1477294,ST,2021,9,69
320335,GL,2021,1,56
1518715,HMST,2021,1,16
1016281,CSV,2021,1,95
726728,O,2021,7,97
877422,SPTN,2021,3,60
39311,IBCP,2021,1,98
1141391,MA,2021,1,64
1316835,BLDR,2021,2,44
877212,ZBRA,2021,8,29
1169445,CPSI,2021,5,86
949157,CENX,2021,2,34
1647088,WSC,2021,8,85
712515,EA,2021,0,41
1687187,METC,2021,4,77
110621,RPM,2021,2,35
98677,TR,2021,3,94
769397,ADSK,2021,8,57
768835,BIG,2021,3,47
1034670,ALV,2021,9,69
93676,SCX,2021,9,17
912752,SBGI,2021,0,32
80035,PLPC,2021,2,31
1305323,ZVOI,2021,0,51
4977,AFL,2021,1,56
75362,PCAR,2021,9,85
1006837,VATE,2021,8,32
1517175,CHEF,2021,3,28
1096056,LXFR,2021,2,17
1124198,FLR,2021,4,33
933136,COOP,2021,1,89
916789,HELE,2021,3,7
24545,TAP,2021,3,65
1141103,CCRN,2021,5,76
860748,KMPR,2021,1,27
1376339,MDXG,2021,5,8
873860,OCN,2021,1,89
1498710,SAVE,2021,0,10
15615,MTZ,2021,8,31
1136869,ZBH,2021,5,82
1157408,LRN,2021,8,51
1058090,CMG,2021,3,52
879169,INCY,2021,5,25
69891,FIZZ,2021,3,61
1063761,SPG,2021,7,97
1604821,NTRA,2021,5,43
7789,ASB,2021,1,98
354950,HD,2021,3,7
91142,AOS,2021,9,84
48287,HNI,2021,9,7
921738,PENN,2021,0,55
1546417,BLMN,2021,3,52
789570,MGM,2021,0,55
1046568,PRDO,2021,0,51
1078207,NLS,2021,0,17
19745,CPK,2021,6,9
1050915,PWR,2021,6,31
18498,GCO,2021,3,0
90896,SKY,2021,7,85
1418100,AVYAQ,2021,8,38
833079,MTH,2021,7,44
1060391,RSG,2021,4,39
1324404,CF,2021,4,35
884219,VVI,2021,0,80
917491,FARO,2021,8,17
1354327,PGTI,2021,2,44
1116942,TTMI,2021,8,29
92230,TFC,2021,1,37
16099,LUB,2021,3,52
832988,SIG,2021,3,59
1069202,LII,2021,9,84
1315257,KOP,2021,2,35
789933,NC,2021,4,77
763901,BPOP,2021,1,98
910638,DDD,2021,8,19
874499,GPOR,2021,4,26
30305,DCO,2021,9,72
1101302,ENTG,2021,2,17
23217,CAG,2021,3,60
933034,STRT,2021,9,48
29669,RRD,2021,8,19
35214,FOE,2021,2,35
815097,CCL,2021,0,10
1040971,SLG,2021,7,97
791963,OPY,2021,1,18
1543151,UBER,2021,0,74
16160,CALM,2021,3,28
915840,BZH,2021,7,44
1039065,OSIS,2021,8,17
4457,UHAL,2021,7,74
896878,INTU,2021,8,49
703604,DSGR,2021,9,17
1334978,CCO,2021,0,32
1296435,NP,2021,2,23
906345,CPT,2021,7,53
885550,CACC,2021,1,89
79879,PPG,2021,2,93
46619,HEI,2021,9,46
1067701,URI,2021,9,87
92122,SO,2021,6,9
944809,OPK,2021,5,25
1564902,SEAS,2021,0,91
70318,THC,2021,5,1
96943,TFX,2021,5,8
1580905,IBP,2021,2,44
874501,AMBC,2021,1,56
912615,URBN,2021,3,0
354707,HE,2021,6,16
26324,CW,2021,9,46
1005210,SPH,2021,4,5
884624,OFIX,2021,5,82
1124941,BECN,2021,2,44
1751788,DOW,2021,2,35
1069878,TREX,2021,2,44
1390478,SLS,2021,5,25
1598428,TMST,2021,2,34
811532,FUN,2021,0,91
793733,SKYW,2021,0,10
1368622,AVAV,2021,8,46
1135185,AAWW,2021,0,62
1275187,ANGO,2021,5,8
1324948,RBC,2021,9,17
1067837,AUD,2021,0,32
728535,JBHT,2021,4,74
38725,FELE,2021,9,21
860731,TYL,2021,8,57
1021561,NUS,2021,5,99
1618756,QSR,2021,3,52
1609804,OEC,2021,2,35
1397911,LPLA,2021,1,18
1065280,NFLX,2021,0,73
1296445,ORA,2021,6,31
41719,GLT,2021,2,23
857855,UCBI,2021,1,37
1320461,CPS,2021,9,69
816956,CNMD,2021,5,8
1790982,ARNC,2021,2,70
1040130,PETS,2021,5,30
913144,RNR,2021,1,56
1402436,SSNC,2021,8,57
1657853,HTZ,2021,0,80
278166,CVCO,2021,7,85
86312,TRV,2021,1,27
716634,RDI,2021,0,73
842162,LEA,2021,9,69
1590715,AREC,2021,4,77
825542,SMG,2021,3,7
789460,INT,2021,4,50
1014111,GLAE,2021,8,18
924822,MLR,2021,9,85
1378992,BERY,2021,2,23
74260,ORI,2021,1,56
29905,DOV,2021,9,21
895728,ENB,2021,4,66
1116132,TPR,2021,3,0
109380,ZION,2021,1,98
1144980,ABG,2021,9,12
712534,FRME,2021,1,4
790051,CSL,2021,9,2
1282648,BATL,2021,4,26
39911,GPS,2021,3,0
1043604,JNPR,2021,8,29
1474735,GNRC,2021,6,31
1022671,STLD,2021,2,34
866706,ESE,2021,9,3
1114483,ITGR,2021,5,8
815094,ABMD,2021,5,8
1334036,CROX,2021,3,96
920760,LEN,2021,7,44
29534,DG,2021,3,47
922358,FGPR,2021,4,5
60519,LPX,2021,2,44
1396009,VMC,2021,2,58
913142,BDC,2021,8,29
928658,CVLG,2021,4,62
927066,DVA,2021,5,1
880266,AGCO,2021,9,79
92380,LUV,2021,0,10
277509,FSS,2021,9,17
1012100,SEE,2021,2,23
1097864,ON,2021,8,29
854560,GSBC,2021,1,98
1265131,HTH,2021,1,37
1524472,XYL,2021,8,21
1037038,RL,2021,3,0
1381197,IBKR,2021,1,18
73124,NTRS,2021,1,18
1726173,BH,2021,0,56
701985,BBWI,2021,3,47
1732845,WRK,2021,2,23
16058,CACI,2021,8,57
72331,NDSN,2021,2,17
34088,XOM,2021,4,66
1173514,HY,2021,9,87
217346,TXT,2021,9,69
1488139,AMRC,2021,6,31
1276520,GNW,2021,1,36
1287213,PLOW,2021,9,85
863110,ARTNA,2021,4,14
729580,BELFB,2021,8,29
64040,SPGI,2021,0,18
317540,COKE,2021,3,61
746838,UIS,2021,8,57
937098,TNET,2021,8,49
93389,SMP,2021,9,69
310142,SXT,2021,2,94
1599489,VRTV,2021,2,23
897077,ALG,2021,9,87
731766,UNH,2021,5,1
742112,IVCRQ,2021,5,8
1053507,AMT,2021,7,90
886158,BBBY,2021,4,63
54480,KSU,2021,4,45
732717,T,2021,8,90
4962,AXP,2021,1,64
1013880,TTEC,2021,8,57
1159281,ALR,2021,7,54
1331875,FNF,2021,1,36
1040470,AEHR,2021,8,29
1093082,HBP,2021,2,44
1585364,PRGO,2021,5,30
924901,VRE,2021,7,53
796343,ADBE,2021,8,19
720672,SF,2021,1,18
915389,EMN,2021,2,35
1101215,BFH,2021,1,89
277948,CSX,2021,4,45
798354,FISV,2021,1,64
1133311,TZOO,2021,0,41
1361538,PRIM,2021,4,31
37472,FLXS,2021,9,7
1635984,NWLI,2021,1,20
1674168,HGV,2021,0,80
108516,WOR,2021,2,2
1417398,HI,2021,2,2
1385280,CNK,2021,0,73
867665,AXAS,2021,4,26
868671,GBCI,2021,1,98
912593,SUI,2021,7,97
1666700,DD,2021,2,35
49196,HBAN,2021,1,4
59527,LECO,2021,9,17
55067,K,2021,3,60
25475,CRD.A,2021,8,56
1723089,CHX,2021,4,50
1130713,OSTK,2021,3,47
1158463,JBLU,2021,0,10
868857,ACM,2021,8,33
1582568,PBFX,2021,4,66
759944,CFG,2021,1,98
906107,EQR,2021,7,53
10329,BSET,2021,3,7
1597033,SABR,2021,0,10
1049502,MKSI,2021,8,17
60714,LXU,2021,2,35
1042893,DRQ,2021,4,50
1708035,ECVT,2021,2,35
708955,FFBC,2021,1,4
1337298,FF,2021,4,35
1063344,HT,2021,7,80
876523,EZPW,2021,1,59
891014,MTX,2021,2,13
894405,ARCB,2021,4,15
320187,NKE,2021,3,96
1748790,AMCR,2021,2,23
1041061,YUM,2021,3,52
75677,PKG,2021,2,23
1792044,VTRS,2021,5,30
27904,DAL,2021,0,10
70866,NCR,2021,8,64
813762,IEP,2021,2,35
1418091,TWTR,2021,0,41
33213,EQT,2021,4,26
1286681,DPZ,2021,3,52
1723128,AMRX,2021,5,30
1490281,GRPN,2021,0,41
1670541,ADNT,2021,9,42
84839,ROL,2021,2,17
716643,RGS,2021,3,83
795403,WTS,2021,9,21
1441236,CLW,2021,2,23
1710366,CEIX,2021,4,77
850429,TG,2021,2,23
21665,CL,2021,2,35
1283630,ACC,2021,7,97
1005731,IDT,2021,8,90
81362,KWR,2021,2,35
883948,AUB,2021,1,37
91928,SJI,2021,6,9
67347,MOD,2021,9,84
1280058,BLKB,2021,8,49
100726,UFI,2021,2,35
949870,SAM,2021,3,65
1056285,KIRK,2021,3,47
1326380,GME,2021,3,59
1121142,MAXR,2021,8,72
928054,FTK,2021,4,50
1046257,INGR,2021,2,24
1688568,DXC,2021,8,57
78814,PBI,2021,8,19
97210,TER,2021,8,29
1336920,LDOS,2021,8,72
719413,HL,2021,4,77
935494,NATI,2021,8,29
812128,SAFM,2021,3,28
63276,MAT,2021,3,7
313143,HAE,2021,5,8
8858,AVT,2021,8,29
1108426,PNM,2021,6,9
1641991,FLOW,2021,2,21
1091667,CHTR,2021,8,90
73756,OII,2021,4,50
1579684,GCI,2021,0,92
46250,HWKN,2021,2,35
852772,DENN,2021,3,52
1466538,COWN,2021,1,18
1464343,ATLC,2021,1,89
822818,CLH,2021,4,39
1121484,OIS,2021,4,50
1692115,SWX,2021,6,9
1821393,AAN,2021,3,59
742278,RES,2021,4,50
57725,LCI,2021,5,25
1611647,FRPT,2021,3,28
1078271,EXTR,2021,8,29
30625,FLS,2021,9,21
1043277,CHRW,2021,4,74
1675149,AA,2021,2,34
799698,LADX,2021,5,25
64996,MCY,2021,1,27
1403256,SCU,2021,1,81
1209028,AAIC,2021,7,11
797721,VSAT,2021,8,67
878726,TUEMQ,2021,3,47
76267,PKE,2021,2,70
1439095,MRC,2021,4,63
1428875,TMX,2021,2,35
1065059,LEU,2021,6,77
910606,REG,2021,7,97
719220,STBA,2021,1,98
51434,IP,2021,2,23
1616862,AXTA,2021,2,35
1531152,BJ,2021,3,47
1755672,CTVA,2021,2,24
764180,MO,2021,2,94
1674101,VRT,2021,8,57
1000228,HSIC,2021,5,86
775158,OSK,2021,9,85
1564408,SNAP,2021,0,41
1037540,BXP,2021,7,6
59558,LNC,2021,1,20
799167,MRTN,2021,4,74
1045609,PLD,2021,7,97
1513761,NCLH,2021,0,10
882184,DHI,2021,7,44
1163739,NBR,2021,4,50
1339605,HEES,2021,9,87
912603,SCHN,2021,2,34
1091883,CIR,2021,9,21
1084961,ECPG,2021,1,89
1065088,EBAY,2021,0,41
50725,GFF,2021,2,44
1630805,BW,2021,6,33
42582,GT,2021,9,69
78890,BCO,2021,1,18
31235,KODK,2021,2,19
1691303,HCC,2021,4,77
72333,JWN,2021,3,47
1285785,MOS,2021,2,13
750577,HWC,2021,1,16
1099800,EW,2021,5,8
1034054,SBAC,2021,8,90
84129,RAD,2021,5,86
1282637,NEU,2021,2,35
876437,MTG,2021,1,11
95552,SUP,2021,9,69
1567892,MNK,2021,5,25
1328581,BCC,2021,2,44
785956,JJSF,2021,3,28
1652044,GOOGL,2021,0,41
1404912,KKR,2021,1,81
794170,TOL,2021,7,44
901491,PZZA,2021,3,52
885639,KSS,2021,3,47
1635881,EXTN,2021,4,50
315293,AON,2021,1,56
1022079,DGX,2021,5,43
105634,EME,2021,6,31
1086222,AKAM,2021,8,78
1374535,AIMC,2021,9,42
310354,SXI,2021,9,17
1617640,Z,2021,7,41
1024725,TEN,2021,9,69
14272,BMY,2021,5,25
1260221,TDG,2021,9,69
1111335,VC,2021,9,69
927628,COF,2021,1,4
923796,GEO,2021,7,1
1365916,AMRS,2021,2,94
1349436,SD,2021,4,26
1604028,WMS,2021,2,21
63754,MKC,2021,3,94
1022321,GEL,2021,4,66
1525287,SRLP,2021,4,5
1466593,OTTR,2021,4,31
835011,MGPI,2021,2,94
1137774,PRU,2021,1,56
730255,CAMP,2021,8,29
1014739,OPCH,2021,5,86
1604778,QRVO,2021,8,67
795266,KBH,2021,7,44
94344,STC,2021,1,36
39368,FUL,2021,2,35
769520,MIDD,2021,9,28
740260,VTR,2021,7,54
1043000,SNDA,2021,7,54
3197,CECO,2021,9,21
1109357,EXC,2021,6,9
1786352,BILL,2021,8,49
1303313,LHCG,2021,5,86
1750,AIR,2021,9,46
1069157,EWBC,2021,1,98
36270,MTB,2021,1,98
715957,D,2021,6,9
1048911,FDX,2021,8,62
80420,POWL,2021,9,31
1013462,ANSS,2021,8,29
1510295,MPC,2021,4,66
717605,HXL,2021,2,70
6281,ADI,2021,8,29
707179,ONB,2021,1,4
1103982,MDLZ,2021,3,88
1372020,GLDD,2021,4,87
1051512,TDS,2021,8,40
874866,CRVL,2021,5,1
700923,MYRG,2021,6,31
76605,PATK,2021,9,2
1307954,HUN,2021,2,35
36966,FHN,2021,1,37
1144519,BG,2021,4,24
1575051,SIRE,2021,4,13
897429,CHS,2021,3,47
811589,FBNC,2021,1,37
931148,EAF,2021,2,13
36104,USB,2021,1,4
784977,POR,2021,6,9
1000697,WAT,2021,8,43
1483510,EXPR,2021,3,0
1172222,HA,2021,0,10
793074,WERN,2021,4,74
1434621,TREE,2021,1,89
1113256,MTOR,2021,9,69
30697,WEN,2021,3,52
1524741,SLCA,2021,4,13
816761,TDC,2021,8,57
1224608,CNO,2021,1,20
832101,IEX,2021,9,21
1058290,CTSH,2021,8,57
926326,OMCL,2021,5,8
40211,GATX,2021,4,45
1357615,KBR,2021,4,33
12659,HRB,2021,1,49
97476,TXN,2021,8,29
788784,PEG,2021,6,9
1108109,CYH,2021,5,1
62234,MCS,2021,0,73
1037676,ARCH,2021,4,77
763744,LCII,2021,9,85
22444,CMC,2021,2,34
894081,ATSG,2021,4,62
783325,WEC,2021,6,9
1521332,APTV,2021,9,69
856982,MMSI,2021,5,8
1059556,MCO,2021,1,89
1494319,UNVR,2021,2,35
82020,USLM,2021,4,58
895417,ELS,2021,7,53
778164,ALTO,2021,2,24
108312,WWD,2021,9,69
101382,UMBF,2021,1,98
862831,FISI,2021,1,98
1288403,WTI,2021,4,26
1129155,MPX,2021,9,71
915913,ALB,2021,2,35
849869,SLGN,2021,2,23
1059262,SP,2021,0,97
915912,AVB,2021,7,53
1309108,WEX,2021,8,64
316253,ENZ,2021,5,43
1026655,CMT,2021,2,2
18230,CAT,2021,9,79
1077688,HOFT,2021,3,7
66756,ALE,2021,6,9
1046327,RNWK,2021,0,41
1126975,MMP,2021,4,66
1297989,EXLS,2021,8,57
104889,GHC,2021,0,92
315189,DE,2021,9,79
21076,CLX,2021,2,35
1517228,COMM,2021,8,90
716006,YELL,2021,4,62
1552000,MPLX,2021,4,66
28917,DDS,2021,3,47
85961,R,2021,9,74
50493,IMKTA,2021,3,47
80661,PGR,2021,1,27
57515,LANC,2021,3,28
895126,CHK,2021,4,26
1037976,JLL,2021,7,97
768899,TBI,2021,8,76
1308208,ULH,2021,4,74
1520697,ACHC,2021,5,1
830524,CCF,2021,2,35
813828,PARA,2021,0,32
1692063,SNDR,2021,4,74
874716,IDXX,2021,5,43
91440,SNA,2021,9,17
88121,SEB,2021,4,24
702325,FMBI,2021,1,4
752642,UMH,2021,7,97
1355096,QRTEA,2021,0,59
860730,HCA,2021,5,1
18255,CATO,2021,3,47
105016,WSO,2021,9,84
1142596,NUVA,2021,5,82
908255,BWA,2021,9,69
1705110,ANGI,2021,0,7
1378453,TA,2021,4,74
49754,DIN,2021,3,52
89439,MLI,2021,2,21
1579877,OUT,2021,0,32
1004980,PCG,2021,6,9
1711269,EVRG,2021,6,9
93751,STT,2021,1,18
314808,VAL,2021,4,50
101829,RTX,2021,9,72
1206264,TPX,2021,3,7
821002,GIII,2021,3,0
103872,VOLT,2021,8,76
1166003,XPO,2021,4,62
911177,CWST,2021,4,39
1411207,ALSN,2021,9,69
36146,TRMK,2021,1,37
896262,AMED,2021,5,86
1637655,HZN,2021,9,85
935703,DLTR,2021,3,47
849399,GEN,2021,8,57
1046102,RBA,2021,9,87
1468328,ADUS,2021,5,86
1107843,QLYS,2021,8,57
1272830,VG,2021,8,38
40729,ALLY,2021,1,37
62709,MMC,2021,1,56
96021,SYY,2021,3,28
780571,ITRI,2021,8,21
66740,MMM,2021,2,17
1553023,CONE,2021,7,97
1019849,PAG,2021,9,12
12208,BIO,2021,5,43
884887,RCL,2021,0,10
1590955,PAYC,2021,8,49
1659166,FTV,2021,8,17
1035201,CWT,2021,6,14
1062231,AXL,2021,9,69
824142,AAON,2021,9,84
1075531,BKNG,2021,0,10
1050825,SCS,2021,9,7
1005284,OLED,2021,8,67
94845,LEVI,2021,3,0
891166,UVE,2021,1,36
11544,WRB,2021,1,56
1136893,FIS,2021,1,64
717954,UNF,2021,2,17
1468174,H,2021,0,80
1653653,RRR,2021,0,55
1627223,CC,2021,2,35
1021860,NOV,2021,4,50
1744489,DIS,2021,0,32
1102112,PACW,2021,1,98
28823,DBD,2021,8,64
100517,UAL,2021,0,10
